INSERT INTO Clients (FirstName, LastName, Email, PhoneNumber, Pesel, ClientNumber)
VALUES
('Jan', 'Lewandowski', 'jan.lewandowski1@example.com', '+48593793711','36497093707','CUST00001'),
('Piotr', 'Krawczyk', 'piotr.krawczyk2@example.com', '+48593881445','73539195739','CUST00002'),
('Agnieszka', 'Zieliński', 'agnieszka.zieliński3@example.com', '+48598574898','50418544689','CUST00003'),
('Piotr', 'Lewandowski', 'piotr.lewandowski4@example.com', '+48510380738','57838859843','CUST00004'),
('Tomasz', 'Kowalski', 'tomasz.kowalski5@example.com', '+48588234691','89354456109','CUST00005'),
('Katarzyna', 'Kowalski', 'katarzyna.kowalski6@example.com', '+48503601036','68958189797','CUST00006'),
('Agnieszka', 'Nowak', 'agnieszka.nowak7@example.com', '+48535933751','18755646250','CUST00007'),
('Tomasz', 'Zieliński', 'tomasz.zieliński8@example.com', '+48533122103','73560425660','CUST00008'),
('Katarzyna', 'Kamiński', 'katarzyna.kamiński9@example.com', '+48501482732','26364037938','CUST00009'),
('Tomasz', 'Wójcik', 'tomasz.wójcik10@example.com', '+48529866769','31392740303','CUST00010'),
('Magda', 'Wiśniewska', 'magda.wiśniewska11@example.com', '+48585642010','37667794433','CUST00011'),
('Anna', 'Krawczyk', 'anna.krawczyk12@example.com', '+48548396747','24306725527','CUST00012'),
('Tomasz', 'Lewandowski', 'tomasz.lewandowski13@example.com', '+48519229861','28059994467','CUST00013'),
('Magda', 'Lewandowski', 'magda.lewandowski14@example.com', '+48538158465','73995456557','CUST00014'),
('Michał', 'Nowak', 'michał.nowak15@example.com', '+48505244380','32072860243','CUST00015'),
('Piotr', 'Wójcik', 'piotr.wójcik16@example.com', '+48595254319','31081378934','CUST00016'),
('Katarzyna', 'Nowak', 'katarzyna.nowak17@example.com', '+48513276237','81677249438','CUST00017'),
('Paweł', 'Mazur', 'paweł.mazur18@example.com', '+48551778190','74912690246','CUST00018'),
('Jan', 'Nowak', 'jan.nowak19@example.com', '+48594881564','73921079188','CUST00019'),
('Magda', 'Zieliński', 'magda.zieliński20@example.com', '+48530536657','22870517534','CUST00020'),
('Tomasz', 'Kaczmarek', 'tomasz.kaczmarek21@example.com', '+48552429509','20746753481','CUST00021'),
('Anna', 'Lewandowski', 'anna.lewandowski22@example.com', '+48571290237','57659921180','CUST00022'),
('Agnieszka', 'Kaczmarek', 'agnieszka.kaczmarek23@example.com', '+48518662846','73121764722','CUST00023'),
('Piotr', 'Wiśniewska', 'piotr.wiśniewska24@example.com', '+48566273203','68428531561','CUST00024'),
('Anna', 'Nowak', 'anna.nowak25@example.com', '+48593029171','94504715313','CUST00025'),
('Katarzyna', 'Mazur', 'katarzyna.mazur26@example.com', '+48592002495','16681236977','CUST00026'),
('Tomasz', 'Kowalski', 'tomasz.kowalski27@example.com', '+48506254796','98191250499','CUST00027'),
('Natalia', 'Lewandowski', 'natalia.lewandowski28@example.com', '+48534285863','22706420080','CUST00028'),
('Natalia', 'Kowalski', 'natalia.kowalski29@example.com', '+48530287965','95973611167','CUST00029'),
('Piotr', 'Kaczmarek', 'piotr.kaczmarek30@example.com', '+48592824018','16769359503','CUST00030');

INSERT INTO Debts (ClientID, Amount, DebtDate, Status, Description, DebtNumber)
VALUES
(1, 12649, '2024-12-05', 'Scheduled', 'Generated debt #1','CUST00001-0001'),
(2, 13868, '2024-11-14', 'Scheduled', 'Generated debt #2','CUST00002-0001'),
(3, 6691, '2024-12-28', 'Scheduled', 'Generated debt #3','CUST00003-0001'),
(4, 8529, '2024-10-07', 'Scheduled', 'Generated debt #4','CUST00004-0001'),
(5, 14075, '2024-10-28', 'Scheduled', 'Generated debt #5','CUST00005-0001'),
(6, 14406, '2024-11-05', 'Scheduled', 'Generated debt #6','CUST00006-0001'),
(7, 15242, '2024-11-25', 'Scheduled', 'Generated debt #7','CUST00007-0001'),
(8, 10084, '2024-12-30', 'Scheduled', 'Generated debt #8','CUST00008-0001'),
(9, 2459, '2025-01-16', 'Scheduled', 'Generated debt #9','CUST00009-0001'),
(10, 6646, '2024-10-06', 'Scheduled', 'Generated debt #10','CUST00010-0001'),
(11, 14305, '2024-11-10', 'Scheduled', 'Generated debt #11','CUST00011-0001'),
(12, 17847, '2024-11-01', 'Scheduled', 'Generated debt #12','CUST00012-0001'),
(13, 15756, '2024-12-29', 'Scheduled', 'Generated debt #13','CUST00013-0001'),
(14, 11871, '2024-11-18', 'Scheduled', 'Generated debt #14','CUST00014-0001'),
(15, 3479, '2025-01-21', 'Scheduled', 'Generated debt #15','CUST00015-0001'),
(16, 4040, '2024-10-17', 'Scheduled', 'Generated debt #16','CUST00016-0001'),
(17, 19278, '2025-01-14', 'Scheduled', 'Generated debt #17','CUST00017-0001'),
(18, 13640, '2024-12-18', 'Scheduled', 'Generated debt #18','CUST00018-0001'),
(19, 7049, '2024-12-10', 'Scheduled', 'Generated debt #19','CUST00019-0001'),
(20, 14467, '2024-12-25', 'Scheduled', 'Generated debt #20','CUST00020-0001'),
(21, 7385, '2024-12-30', 'Scheduled', 'Generated debt #21','CUST00021-0001'),
(22, 8801, '2024-11-03', 'Scheduled', 'Generated debt #22','CUST00022-0001'),
(23, 14158, '2025-01-09', 'Scheduled', 'Generated debt #23','CUST00023-0001'),
(24, 3778, '2024-12-02', 'Scheduled', 'Generated debt #24','CUST00024-0001'),
(25, 16688, '2025-01-12', 'Scheduled', 'Generated debt #25','CUST00025-0001'),
(26, 15240, '2024-11-07', 'Scheduled', 'Generated debt #26','CUST00026-0001'),
(27, 10519, '2025-01-23', 'Scheduled', 'Generated debt #27','CUST00027-0001'),
(28, 13308, '2024-10-26', 'Scheduled', 'Generated debt #28','CUST00028-0001'),
(29, 11431, '2024-10-14', 'Scheduled', 'Generated debt #29','CUST00029-0001'),
(30, 10003, '2025-01-13', 'Scheduled', 'Generated debt #30','CUST00030-0001');

INSERT INTO PaymentSchedules (DebtID, DueDate, AmountDue)
VALUES
(1, '2025-01-01', 2108.17),
(1, '2025-01-31', 2108.17),
(1, '2025-03-02', 2108.17),
(1, '2025-04-01', 2108.17),
(1, '2025-05-01', 2108.17),
(1, '2025-05-31', 2108.15),
(2, '2025-01-01', 6934.0),
(2, '2025-01-31', 6934.0),
(3, '2025-01-01', 2230.33),
(3, '2025-01-31', 2230.33),
(3, '2025-03-02', 2230.34),
(4, '2025-01-01', 2843.0),
(4, '2025-01-31', 2843.0),
(4, '2025-03-02', 2843.0),
(5, '2025-01-01', 4691.67),
(5, '2025-01-31', 4691.67),
(5, '2025-03-02', 4691.66),
(6, '2025-01-01', 2401.0),
(6, '2025-01-31', 2401.0),
(6, '2025-03-02', 2401.0),
(6, '2025-04-01', 2401.0),
(6, '2025-05-01', 2401.0),
(6, '2025-05-31', 2401.0),
(7, '2025-01-01', 3048.4),
(7, '2025-01-31', 3048.4),
(7, '2025-03-02', 3048.4),
(7, '2025-04-01', 3048.4),
(7, '2025-05-01', 3048.4),
(8, '2025-01-01', 1680.67),
(8, '2025-01-31', 1680.67),
(8, '2025-03-02', 1680.67),
(8, '2025-04-01', 1680.67),
(8, '2025-05-01', 1680.67),
(8, '2025-05-31', 1680.65),
(9, '2025-01-01', 819.67),
(9, '2025-01-31', 819.67),
(9, '2025-03-02', 819.66),
(10, '2025-01-01', 1107.67),
(10, '2025-01-31', 1107.67),
(10, '2025-03-02', 1107.67),
(10, '2025-04-01', 1107.67),
(10, '2025-05-01', 1107.67),
(10, '2025-05-31', 1107.65),
(11, '2025-01-01', 2384.17),
(11, '2025-01-31', 2384.17),
(11, '2025-03-02', 2384.17),
(11, '2025-04-01', 2384.17),
(11, '2025-05-01', 2384.17),
(11, '2025-05-31', 2384.15),
(12, '2025-01-01', 5949.0),
(12, '2025-01-31', 5949.0),
(12, '2025-03-02', 5949.0),
(13, '2025-01-01', 2626.0),
(13, '2025-01-31', 2626.0),
(13, '2025-03-02', 2626.0),
(13, '2025-04-01', 2626.0),
(13, '2025-05-01', 2626.0),
(13, '2025-05-31', 2626.0),
(14, '2025-01-01', 3957.0),
(14, '2025-01-31', 3957.0),
(14, '2025-03-02', 3957.0),
(15, '2025-01-01', 869.75),
(15, '2025-01-31', 869.75),
(15, '2025-03-02', 869.75),
(15, '2025-04-01', 869.75),
(16, '2025-01-01', 1010.0),
(16, '2025-01-31', 1010.0),
(16, '2025-03-02', 1010.0),
(16, '2025-04-01', 1010.0),
(17, '2025-01-01', 3213.0),
(17, '2025-01-31', 3213.0),
(17, '2025-03-02', 3213.0),
(17, '2025-04-01', 3213.0),
(17, '2025-05-01', 3213.0),
(17, '2025-05-31', 3213.0),
(18, '2025-01-01', 2728.0),
(18, '2025-01-31', 2728.0),
(18, '2025-03-02', 2728.0),
(18, '2025-04-01', 2728.0),
(18, '2025-05-01', 2728.0),
(19, '2025-01-01', 1409.8),
(19, '2025-01-31', 1409.8),
(19, '2025-03-02', 1409.8),
(19, '2025-04-01', 1409.8),
(19, '2025-05-01', 1409.8),
(20, '2025-01-01', 2411.17),
(20, '2025-01-31', 2411.17),
(20, '2025-03-02', 2411.17),
(20, '2025-04-01', 2411.17),
(20, '2025-05-01', 2411.17),
(20, '2025-05-31', 2411.15),
(21, '2025-01-01', 2461.67),
(21, '2025-01-31', 2461.67),
(21, '2025-03-02', 2461.66),
(22, '2025-01-01', 2933.67),
(22, '2025-01-31', 2933.67),
(22, '2025-03-02', 2933.66),
(23, '2025-01-01', 4719.33),
(23, '2025-01-31', 4719.33),
(23, '2025-03-02', 4719.34),
(24, '2025-01-01', 1259.33),
(24, '2025-01-31', 1259.33),
(24, '2025-03-02', 1259.34),
(25, '2025-01-01', 4172.0),
(25, '2025-01-31', 4172.0),
(25, '2025-03-02', 4172.0),
(25, '2025-04-01', 4172.0),
(26, '2025-01-01', 7620.0),
(26, '2025-01-31', 7620.0),
(27, '2025-01-01', 2629.75),
(27, '2025-01-31', 2629.75),
(27, '2025-03-02', 2629.75),
(27, '2025-04-01', 2629.75),
(28, '2025-01-01', 6654.0),
(28, '2025-01-31', 6654.0),
(29, '2025-01-01', 1905.17),
(29, '2025-01-31', 1905.17),
(29, '2025-03-02', 1905.17),
(29, '2025-04-01', 1905.17),
(29, '2025-05-01', 1905.17),
(29, '2025-05-31', 1905.15),
(30, '2025-01-01', 3334.33),
(30, '2025-01-31', 3334.33),
(30, '2025-03-02', 3334.34);

